A_ROWS,CUDA-SPARSE,CUSPARSE-SPARSE
1000,2.37800490,2.08665417
1500,2.89730134,2.48937383
2000,3.62083180,3.28281194
2500,4.81231229,4.31356098
3000,2.67925710,2.40560376
3500,2.26903461,2.03244638
4000,2.09810545,1.87981716
4500,2.00780795,1.79335945
5000,2.16223383,1.91816650
5500,2.62576999,2.30823447
6000,2.41458853,2.11075453
6500,2.33092711,2.02853542
7000,2.41258377,2.09484245
7500,2.55354598,2.21665527
8000,3.49471983,3.00031174
